epoch,time,train/box_loss,train/seg_loss,train/cls_loss,train/dfl_loss,train/sem_loss,metrics/precision(B),metrics/recall(B),metrics/mAP50(B),metrics/mAP50-95(B),metrics/precision(M),metrics/recall(M),metrics/mAP50(M),metrics/mAP50-95(M),val/box_loss,val/seg_loss,val/cls_loss,val/dfl_loss,val/sem_loss,lr/pg0,lr/pg1,lr/pg2,lr/pg3,lr/pg4,lr/pg5,lr/pg6,lr/pg7
1,165.185,2.352,3.88852,14.0143,1.5488,0,0.09134,0.041,0.01085,0.00482,0.0885,0.03906,0.00852,0.00387,0.96897,2.01045,5.92772,0.59869,0,0.00998152,0.00332717,0.00998152,0.00332717,0.00998152,0.00332717,0.00998152,0.00332717
2,308.862,3.11119,4.56248,5.62154,2.00134,0,1e-05,0.00102,0,0,2e-05,0.00203,0,0,1.23491,1.77601,47.4569,1.07853,0,0.0197837,0.00659457,0.0197837,0.00659457,0.0197837,0.00659457,0.0197837,0.00659457
3,444.331,3.66704,5.17134,6.22267,2.36754,0,0,0,0,0,0,0,0,0,1.31857,1.83679,4.84681,0.81736,0,0.0293879,0.00979596,0.0293879,0.00979596,0.0293879,0.00979596,0.0293879,0.00979596
4,575.856,3.71175,4.92231,7.20217,2.37135,0,0,0,0,0,0,0,0,0,1.15994,2.41773,3.22722,0.92738,0,0.029109,0.009703,0.029109,0.009703,0.029109,0.009703,0.029109,0.009703
5,703.846,3.57163,5.00588,5.96379,2.44012,0,0,0,0,0,0,0,0,0,1.28165,4.19938,2.81212,0.86938,0,0.028812,0.009604,0.028812,0.009604,0.028812,0.009604,0.028812,0.009604
6,831.804,3.57093,4.8453,5.88511,2.41386,0,0,0,0,0,0,0,0,0,1.32719,1.81692,3.38011,0.85528,0,0.028515,0.009505,0.028515,0.009505,0.028515,0.009505,0.028515,0.009505
7,961.867,3.46239,4.7911,5.74879,2.28934,0,0,0,0,0,0,0,0,0,1.18415,1.87996,3.03205,0.84786,0,0.028218,0.009406,0.028218,0.009406,0.028218,0.009406,0.028218,0.009406
8,1091.83,3.51211,4.8552,5.81662,2.37771,0,0,0,0,0,0,0,0,0,1.21379,1.79997,2.89803,0.84031,0,0.027921,0.009307,0.027921,0.009307,0.027921,0.009307,0.027921,0.009307
9,1221.74,3.39646,4.71875,5.60225,2.31516,0,0,0,0,0,0,0,0,0,1.24036,1.74476,3.31792,0.84747,0,0.027624,0.009208,0.027624,0.009208,0.027624,0.009208,0.027624,0.009208
10,1351.6,3.37368,4.79923,5.60555,2.29194,0,0,0,0,0,0,0,0,0,1.1399,1.83875,2.62974,0.80715,0,0.027327,0.009109,0.027327,0.009109,0.027327,0.009109,0.027327,0.009109
11,1481.53,3.39599,4.82282,7.98222,2.25674,0,0,0,0,0,0,0,0,0,1.22664,1.76983,3.14132,0.87951,0,0.02703,0.00901,0.02703,0.00901,0.02703,0.00901,0.02703,0.00901
12,1611.34,3.34159,4.72584,5.53706,2.22796,0,0.00128,0.00711,0.00036,0.00016,0.00055,0.00305,7e-05,1e-05,1.1798,1.7262,2.88615,0.82318,0,0.026733,0.008911,0.026733,0.008911,0.026733,0.008911,0.026733,0.008911
13,1741.14,3.28316,4.60438,5.45785,2.22551,0,0,0,0,0,0,0,0,0,1.17883,1.75059,2.50792,0.79956,0,0.026436,0.008812,0.026436,0.008812,0.026436,0.008812,0.026436,0.008812
14,1871.13,3.3821,4.69659,5.55161,2.20162,0,0.00651,0.0124,0.002,0.00035,0.00397,0.00556,0.00034,5e-05,1.15813,1.71922,2.72252,0.80504,0,0.026139,0.008713,0.026139,0.008713,0.026139,0.008713,0.026139,0.008713
15,2001.24,3.29256,4.68356,5.38744,2.1258,0,0.00106,0.01298,0.00036,0.0001,0.0003,0.00743,0.00027,0.00012,1.16245,1.73934,2.84677,0.77709,0,0.025842,0.008614,0.025842,0.008614,0.025842,0.008614,0.025842,0.008614
16,2131.15,3.33904,4.68925,5.47876,2.20054,0,0.00238,0.00123,5e-05,2e-05,0.00027,0.00102,1e-05,0,1.15992,1.6837,2.98789,0.80229,0,0.025545,0.008515,0.025545,0.008515,0.025545,0.008515,0.025545,0.008515
17,2261.16,3.30343,4.71609,5.41219,2.1528,0,0.0032,0.01105,0.00134,0.00038,0.00308,0.00827,0.00131,0.00055,1.23637,1.67821,2.46343,0.80045,0,0.025248,0.008416,0.025248,0.008416,0.025248,0.008416,0.025248,0.008416
18,2391.35,3.31388,4.68666,5.38796,2.1098,0,0.42206,0.00113,0.00155,0.00022,0.42206,0.00113,0.00179,0.00028,1.1647,1.67036,2.86761,0.7546,0,0.024951,0.008317,0.024951,0.008317,0.024951,0.008317,0.024951,0.008317
19,2521.42,3.30986,4.68859,5.37935,2.12471,0,0.10589,0.02136,0.00337,0.00052,0.01978,0.01912,0.00084,0.00014,1.11458,1.64482,2.36282,0.77536,0,0.024654,0.008218,0.024654,0.008218,0.024654,0.008218,0.024654,0.008218
20,2651.58,3.2211,4.57316,5.24049,2.09002,0,0.00307,0.04203,0.00361,0.00121,0.00273,0.01858,0.00145,0.00055,1.15954,1.62768,2.83594,0.73831,0,0.024357,0.008119,0.024357,0.008119,0.024357,0.008119,0.024357,0.008119
21,2781.54,3.10832,4.49217,5.13091,2.04245,0,0.00927,0.05544,0.00893,0.00246,0.00835,0.03752,0.00874,0.00226,1.1147,1.59022,2.57726,0.7363,0,0.02406,0.00802,0.02406,0.00802,0.02406,0.00802,0.02406,0.00802
22,2911.63,3.22021,4.49352,5.19826,2.12761,0,0.01933,0.03857,0.00661,0.00194,0.01069,0.02885,0.00258,0.00107,1.13631,1.62763,2.63653,0.73527,0,0.023763,0.007921,0.023763,0.007921,0.023763,0.007921,0.023763,0.007921
23,3041.64,3.17115,4.45049,5.12367,2.09999,0,0.07389,0.01737,0.01118,0.0051,0.06417,0.01672,0.01064,0.00431,1.06208,1.56176,2.28867,0.71665,0,0.023466,0.007822,0.023466,0.007822,0.023466,0.007822,0.023466,0.007822
24,3171.87,3.17155,4.43536,5.156,2.02963,0,0.01485,0.04598,0.00837,0.00265,0.01406,0.03589,0.00999,0.00408,1.06793,1.55599,2.50514,0.70883,0,0.023169,0.007723,0.023169,0.007723,0.023169,0.007723,0.023169,0.007723
25,3301.94,3.11215,4.37357,5.09794,1.9876,0,0.04253,0.07279,0.01926,0.00499,0.02668,0.05778,0.01548,0.00412,1.0598,1.54527,2.54915,0.70099,0,0.022872,0.007624,0.022872,0.007624,0.022872,0.007624,0.022872,0.007624
26,3432,3.09532,4.40476,5.01701,1.9778,0,0.01644,0.07541,0.01463,0.00489,0.02054,0.08073,0.01902,0.00514,1.09625,1.59602,2.56727,0.71808,0,0.022575,0.007525,0.022575,0.007525,0.022575,0.007525,0.022575,0.007525
27,3562.52,3.18963,4.41107,5.04099,1.98835,0,0.00843,0.09465,0.0229,0.00622,0.00792,0.07675,0.023,0.00801,1.04961,1.52178,2.77589,0.68295,0,0.022278,0.007426,0.022278,0.007426,0.022278,0.007426,0.022278,0.007426
28,3692.98,3.12964,4.36838,4.98899,1.94943,0,0.01031,0.11442,0.02567,0.01108,0.01046,0.1132,0.0265,0.01088,1.03891,1.49731,2.80695,0.67328,0,0.021981,0.007327,0.021981,0.007327,0.021981,0.007327,0.021981,0.007327
29,3823.48,3.10513,4.33314,4.98564,1.95499,0,0.66205,0.02819,0.03823,0.01568,0.7179,0.02318,0.03976,0.01552,1.02258,1.51751,2.33304,0.6638,0,0.021684,0.007228,0.021684,0.007228,0.021684,0.007228,0.021684,0.007228
30,3953.98,3.07986,4.33734,4.87016,1.95574,0,0.55251,0.03397,0.03092,0.0116,0.65539,0.02615,0.03515,0.01245,1.01238,1.48585,2.32335,0.66459,0,0.021387,0.007129,0.021387,0.007129,0.021387,0.007129,0.021387,0.007129
31,4085.31,3.05035,4.2507,4.93375,1.94729,0,0.42016,0.06048,0.04383,0.01406,0.41165,0.03786,0.03698,0.01048,1.05597,1.44271,2.7389,0.65948,0,0.02109,0.00703,0.02109,0.00703,0.02109,0.00703,0.02109,0.00703
32,4218.88,3.02753,4.25656,4.75243,1.91743,0,0.03091,0.12675,0.03591,0.01185,0.0322,0.13374,0.04044,0.01483,1.04854,1.46433,2.51545,0.67845,0,0.020793,0.006931,0.020793,0.006931,0.020793,0.006931,0.020793,0.006931
33,4352.42,2.96106,4.18247,4.69011,1.89581,0,0.77459,0.03031,0.05312,0.01917,0.78215,0.03218,0.05209,0.01917,0.97715,1.45031,2.33391,0.64944,0,0.020496,0.006832,0.020496,0.006832,0.020496,0.006832,0.020496,0.006832
34,4486.18,3.02449,4.22538,4.71828,1.84827,0,0.65227,0.02681,0.05587,0.02159,0.65441,0.02673,0.05162,0.01761,0.99364,1.44664,2.42348,0.6465,0,0.020199,0.006733,0.020199,0.006733,0.020199,0.006733,0.020199,0.006733
35,4620.11,3.04696,4.32873,4.73819,1.95515,0,0.67663,0.04033,0.05215,0.01726,0.63783,0.04822,0.05261,0.01542,1.01146,1.41455,2.17222,0.64952,0,0.019902,0.006634,0.019902,0.006634,0.019902,0.006634,0.019902,0.006634
36,4753.72,2.9868,4.19349,4.66248,1.88502,0,0.55587,0.03872,0.05664,0.02174,0.54367,0.03845,0.05542,0.01926,0.97906,1.41215,2.39213,0.64448,0,0.019605,0.006535,0.019605,0.006535,0.019605,0.006535,0.019605,0.006535
37,4887.49,2.97623,4.18399,4.57643,1.86547,0,0.73137,0.03821,0.05802,0.01959,0.7355,0.0418,0.06001,0.02335,0.96539,1.41522,2.47693,0.62237,0,0.019308,0.006436,0.019308,0.006436,0.019308,0.006436,0.019308,0.006436
38,5021.16,2.93042,4.17661,4.54613,1.80153,0,0.72272,0.05069,0.07727,0.03195,0.73418,0.05843,0.07839,0.03001,0.98576,1.4052,2.40112,0.62335,0,0.019011,0.006337,0.019011,0.006337,0.019011,0.006337,0.019011,0.006337
39,5154.99,2.84877,4.08872,4.44137,1.76988,0,0.46922,0.06856,0.08152,0.03342,0.45332,0.06382,0.07671,0.0308,0.98344,1.38637,2.07479,0.62502,0,0.018714,0.006238,0.018714,0.006238,0.018714,0.006238,0.018714,0.006238
40,5288.77,2.93263,4.08242,4.44619,1.84534,0,0.62566,0.05953,0.08862,0.03895,0.63067,0.05969,0.08803,0.0406,0.94653,1.39495,2.01817,0.61284,0,0.018417,0.006139,0.018417,0.006139,0.018417,0.006139,0.018417,0.006139
41,5422.52,2.90454,4.04054,4.36228,1.80166,0,0.50923,0.06463,0.07146,0.02742,0.44828,0.06653,0.06794,0.02524,0.94628,1.3495,2.16616,0.61548,0,0.01812,0.00604,0.01812,0.00604,0.01812,0.00604,0.01812,0.00604
42,5556.36,2.88179,4.09553,4.36143,1.82938,0,0.50968,0.05899,0.07769,0.03159,0.54028,0.05878,0.07571,0.03163,0.97548,1.33913,2.23636,0.61158,0,0.017823,0.005941,0.017823,0.005941,0.017823,0.005941,0.017823,0.005941
43,5690.07,2.80756,4.0276,4.22471,1.77721,0,0.67101,0.08266,0.09118,0.04104,0.60993,0.0731,0.0847,0.03553,0.91589,1.31703,1.86674,0.58844,0,0.017526,0.005842,0.017526,0.005842,0.017526,0.005842,0.017526,0.005842
44,5823.84,2.83626,4.10694,4.25804,1.79902,0,0.61072,0.08566,0.10444,0.04134,0.59949,0.08363,0.09905,0.04783,0.92869,1.35205,2.0144,0.6032,0,0.017229,0.005743,0.017229,0.005743,0.017229,0.005743,0.017229,0.005743
45,5957.62,2.83828,4.02246,4.23344,1.78253,0,0.51002,0.09309,0.11072,0.04306,0.47746,0.08326,0.10601,0.04675,0.91555,1.3429,1.93522,0.59166,0,0.016932,0.005644,0.016932,0.005644,0.016932,0.005644,0.016932,0.005644
46,6092,2.78827,3.95895,4.15926,1.74699,0,0.52621,0.10265,0.09738,0.04127,0.556,0.10885,0.09949,0.04273,0.89076,1.30334,2.05352,0.57746,0,0.016635,0.005545,0.016635,0.005545,0.016635,0.005545,0.016635,0.005545
47,6226.08,2.84538,4.09437,4.23097,1.80975,0,0.51258,0.09796,0.10511,0.04267,0.48895,0.10199,0.1041,0.03946,0.91594,1.31599,1.94752,0.58706,0,0.016338,0.005446,0.016338,0.005446,0.016338,0.005446,0.016338,0.005446
48,6360.06,2.84087,3.94776,4.17158,1.73588,0,0.4982,0.08659,0.09382,0.03772,0.4354,0.07993,0.08817,0.03875,0.91768,1.3035,1.85827,0.5795,0,0.016041,0.005347,0.016041,0.005347,0.016041,0.005347,0.016041,0.005347
49,6494.07,2.82541,4.00089,4.05746,1.73756,0,0.4324,0.11122,0.1178,0.0536,0.44179,0.11323,0.11456,0.05433,0.87689,1.30638,1.79386,0.56441,0,0.015744,0.005248,0.015744,0.005248,0.015744,0.005248,0.015744,0.005248
50,6627.98,2.7553,3.86475,4.03435,1.71508,0,0.5068,0.10924,0.10475,0.04561,0.50498,0.10636,0.10506,0.04778,0.8917,1.30772,1.77776,0.57241,0,0.015447,0.005149,0.015447,0.005149,0.015447,0.005149,0.015447,0.005149
51,6761.91,2.81555,3.96339,4.05703,1.70391,0,0.49728,0.11753,0.11814,0.0554,0.51652,0.11941,0.12208,0.05388,0.88045,1.30887,1.68438,0.56225,0,0.01515,0.00505,0.01515,0.00505,0.01515,0.00505,0.01515,0.00505
52,6895.76,2.75865,3.86026,3.9399,1.67493,0,0.43612,0.13467,0.1421,0.06926,0.41175,0.12827,0.13801,0.06956,0.88869,1.27681,1.65408,0.56798,0,0.014853,0.004951,0.014853,0.004951,0.014853,0.004951,0.014853,0.004951
53,7029.66,2.72284,3.87566,3.99587,1.69684,0,0.47953,0.13417,0.13977,0.0662,0.45769,0.13047,0.14374,0.06428,0.88608,1.28359,1.63225,0.56867,0,0.014556,0.004852,0.014556,0.004852,0.014556,0.004852,0.014556,0.004852
54,7162.8,2.70935,3.86646,3.85628,1.66473,0,0.45241,0.13363,0.14375,0.06662,0.44305,0.12787,0.13078,0.06389,0.90167,1.29085,1.69041,0.56749,0,0.014259,0.004753,0.014259,0.004753,0.014259,0.004753,0.014259,0.004753
55,7296.82,2.71163,3.8496,3.85598,1.65956,0,0.45635,0.1481,0.14869,0.06314,0.44127,0.13526,0.13491,0.06204,0.88555,1.27626,1.59368,0.56367,0,0.013962,0.004654,0.013962,0.004654,0.013962,0.004654,0.013962,0.004654
56,7430.81,2.69599,3.80006,3.84001,1.64106,0,0.41551,0.14107,0.14657,0.05968,0.37162,0.13865,0.13865,0.06403,0.87442,1.25712,1.65017,0.56006,0,0.013665,0.004555,0.013665,0.004555,0.013665,0.004555,0.013665,0.004555
57,7564.91,2.75367,3.88017,3.84868,1.68529,0,0.39892,0.15098,0.14151,0.06261,0.38267,0.14389,0.13695,0.06112,0.86085,1.2589,1.61801,0.55539,0,0.013368,0.004456,0.013368,0.004456,0.013368,0.004456,0.013368,0.004456
58,7698.78,2.60389,3.73737,3.71777,1.62183,0,0.44363,0.15205,0.14463,0.06486,0.36624,0.13916,0.13641,0.05891,0.84872,1.23816,1.56156,0.55456,0,0.013071,0.004357,0.013071,0.004357,0.013071,0.004357,0.013071,0.004357
59,7832.82,2.65013,3.81687,3.69342,1.6066,0,0.42433,0.15817,0.14997,0.07006,0.37892,0.14204,0.13304,0.06689,0.86263,1.22026,1.59353,0.55397,0,0.012774,0.004258,0.012774,0.004258,0.012774,0.004258,0.012774,0.004258
60,7966.8,2.67153,3.82144,3.68328,1.64361,0,0.40286,0.15206,0.15046,0.07229,0.44639,0.12477,0.13789,0.06673,0.86207,1.21084,1.56687,0.55338,0,0.012477,0.004159,0.012477,0.004159,0.012477,0.004159,0.012477,0.004159
61,8100.75,2.69289,3.86204,3.65943,1.65649,0,0.40799,0.16439,0.1584,0.0787,0.3886,0.1528,0.1512,0.07344,0.84477,1.20268,1.50275,0.54808,0,0.01218,0.00406,0.01218,0.00406,0.01218,0.00406,0.01218,0.00406
62,8234.75,2.66074,3.77359,3.61334,1.60366,0,0.43713,0.17015,0.15909,0.07864,0.38806,0.16197,0.14819,0.06826,0.86421,1.21574,1.46105,0.54312,0,0.011883,0.003961,0.011883,0.003961,0.011883,0.003961,0.011883,0.003961
63,8368.79,2.62593,3.69777,3.54406,1.59333,0,0.38659,0.17369,0.16085,0.07297,0.35758,0.1613,0.15796,0.06965,0.84813,1.21238,1.44452,0.54213,0,0.011586,0.003862,0.011586,0.003862,0.011586,0.003862,0.011586,0.003862
64,8502.57,2.62665,3.72088,3.48994,1.60591,0,0.52457,0.16056,0.17602,0.07994,0.4315,0.15875,0.1665,0.07532,0.83699,1.20052,1.42771,0.53945,0,0.011289,0.003763,0.011289,0.003763,0.011289,0.003763,0.011289,0.003763
65,8636.63,2.624,3.68795,3.50118,1.57735,0,0.41891,0.17886,0.17366,0.08011,0.37825,0.17779,0.16434,0.07809,0.85376,1.20736,1.43372,0.54018,0,0.010992,0.003664,0.010992,0.003664,0.010992,0.003664,0.010992,0.003664
66,8770.64,2.57889,3.70791,3.38071,1.55343,0,0.42026,0.19212,0.17274,0.08426,0.42717,0.16345,0.16642,0.07958,0.83904,1.18195,1.37719,0.53765,0,0.010695,0.003565,0.010695,0.003565,0.010695,0.003565,0.010695,0.003565
67,8904.59,2.60529,3.6642,3.48044,1.57589,0,0.43123,0.1852,0.17996,0.08512,0.41764,0.16402,0.16733,0.07907,0.82987,1.18546,1.397,0.53438,0,0.010398,0.003466,0.010398,0.003466,0.010398,0.003466,0.010398,0.003466
68,9038.72,2.57707,3.67194,3.37133,1.57242,0,0.43837,0.18555,0.18376,0.08636,0.4083,0.18128,0.1752,0.07752,0.83655,1.20063,1.34702,0.53504,0,0.010101,0.003367,0.010101,0.003367,0.010101,0.003367,0.010101,0.003367
69,9172.63,2.51722,3.59841,3.35074,1.54618,0,0.42156,0.19668,0.18917,0.08766,0.40175,0.17849,0.17744,0.07913,0.82769,1.19557,1.38838,0.53559,0,0.009804,0.003268,0.009804,0.003268,0.009804,0.003268,0.009804,0.003268
70,9306.56,2.60023,3.65344,3.41036,1.62093,0,0.45243,0.19422,0.18968,0.08893,0.41446,0.17308,0.1758,0.08117,0.83958,1.18062,1.39903,0.53698,0,0.009507,0.003169,0.009507,0.003169,0.009507,0.003169,0.009507,0.003169
71,9440.71,2.57588,3.65999,3.33968,1.62151,0,0.41441,0.20263,0.19123,0.08982,0.32906,0.1851,0.17199,0.07731,0.82157,1.16926,1.30685,0.53139,0,0.00921,0.00307,0.00921,0.00307,0.00921,0.00307,0.00921,0.00307
72,9574.68,2.56171,3.63281,3.28751,1.5718,0,0.37975,0.18377,0.18499,0.08946,0.31733,0.17737,0.15957,0.07376,0.82012,1.18123,1.29168,0.5272,0,0.008913,0.002971,0.008913,0.002971,0.008913,0.002971,0.008913,0.002971
73,9708.66,2.52715,3.5857,3.24459,1.5438,0,0.52414,0.17618,0.19059,0.09378,0.33761,0.16469,0.16168,0.07849,0.83147,1.17748,1.27584,0.5338,0,0.008616,0.002872,0.008616,0.002872,0.008616,0.002872,0.008616,0.002872
74,9842.66,2.47156,3.46451,3.18422,1.53418,0,0.39601,0.21303,0.1964,0.09652,0.33876,0.19623,0.17096,0.08133,0.84233,1.17167,1.25589,0.54256,0,0.008319,0.002773,0.008319,0.002773,0.008319,0.002773,0.008319,0.002773
75,9976.8,2.4931,3.60484,3.15846,1.53746,0,0.46835,0.21643,0.19885,0.09759,0.50638,0.16993,0.18218,0.0869,0.81261,1.16332,1.23163,0.52477,0,0.008022,0.002674,0.008022,0.002674,0.008022,0.002674,0.008022,0.002674
76,10110.7,2.44553,3.46477,3.11289,1.48592,0,0.51082,0.19738,0.2035,0.09811,0.47125,0.1739,0.18845,0.09145,0.8184,1.16539,1.20797,0.52587,0,0.007725,0.002575,0.007725,0.002575,0.007725,0.002575,0.007725,0.002575
77,10244,2.51973,3.48661,3.13277,1.50722,0,0.61265,0.17923,0.20456,0.09865,0.54827,0.16118,0.18684,0.0908,0.82371,1.15976,1.17471,0.5276,0,0.007428,0.002476,0.007428,0.002476,0.007428,0.002476,0.007428,0.002476
78,10377.8,2.52571,3.61001,3.08812,1.52557,0,0.37083,0.23503,0.21006,0.10161,0.31494,0.21388,0.18933,0.08969,0.8515,1.15519,1.17559,0.53547,0,0.007131,0.002377,0.007131,0.002377,0.007131,0.002377,0.007131,0.002377
79,10512,2.51003,3.56556,3.04659,1.52861,0,0.38711,0.22788,0.21225,0.10251,0.31249,0.21664,0.19336,0.09229,0.83389,1.14237,1.18411,0.52982,0,0.006834,0.002278,0.006834,0.002278,0.006834,0.002278,0.006834,0.002278
80,10646.1,2.47898,3.46773,2.99679,1.5267,0,0.41143,0.23695,0.21789,0.10736,0.3473,0.21447,0.19756,0.09065,0.8374,1.14509,1.17955,0.53038,0,0.006537,0.002179,0.006537,0.002179,0.006537,0.002179,0.006537,0.002179
81,10780.1,2.52633,3.51153,3.06384,1.55761,0,0.40302,0.24174,0.22082,0.10636,0.34843,0.22219,0.19501,0.09289,0.80085,1.14384,1.14268,0.51819,0,0.00624,0.00208,0.00624,0.00208,0.00624,0.00208,0.00624,0.00208
82,10914.1,2.44008,3.44685,2.91849,1.50096,0,0.40861,0.24815,0.22964,0.11098,0.33765,0.23229,0.19206,0.0929,0.80512,1.13326,1.13709,0.52038,0,0.005943,0.001981,0.005943,0.001981,0.005943,0.001981,0.005943,0.001981
83,11048.1,2.42991,3.49345,3.02325,1.46637,0,0.42899,0.26115,0.23504,0.11319,0.34227,0.22636,0.19281,0.09586,0.79595,1.12627,1.11989,0.51473,0,0.005646,0.001882,0.005646,0.001882,0.005646,0.001882,0.005646,0.001882
84,11182,2.39205,3.35972,2.87063,1.41441,0,0.45493,0.25617,0.23836,0.11341,0.37403,0.22147,0.19489,0.09642,0.80721,1.12105,1.13331,0.51724,0,0.005349,0.001783,0.005349,0.001783,0.005349,0.001783,0.005349,0.001783
85,11316.3,2.40963,3.4519,2.85602,1.45979,0,0.44676,0.26393,0.2461,0.11555,0.37509,0.23152,0.20201,0.09709,0.80755,1.11699,1.13589,0.51428,0,0.005052,0.001684,0.005052,0.001684,0.005052,0.001684,0.005052,0.001684
86,11450.7,2.38893,3.4364,2.81145,1.47655,0,0.44262,0.25916,0.24631,0.1184,0.38496,0.233,0.21258,0.09974,0.80856,1.11412,1.12489,0.51412,0,0.004755,0.001585,0.004755,0.001585,0.004755,0.001585,0.004755,0.001585
87,11584.8,2.45685,3.44734,2.90987,1.49127,0,0.46387,0.26356,0.2534,0.11914,0.41773,0.23413,0.21587,0.10121,0.80868,1.1125,1.11903,0.51185,0,0.004458,0.001486,0.004458,0.001486,0.004458,0.001486,0.004458,0.001486
88,11718.9,2.43937,3.42823,2.89042,1.51059,0,0.48957,0.26512,0.25098,0.11884,0.42678,0.2389,0.22034,0.10192,0.81597,1.11281,1.12484,0.51125,0,0.004161,0.001387,0.004161,0.001387,0.004161,0.001387,0.004161,0.001387
89,11852.8,2.39683,3.37834,2.76886,1.44899,0,0.52862,0.25455,0.24966,0.12186,0.45196,0.23076,0.22071,0.10454,0.80601,1.11183,1.08999,0.50686,0,0.003864,0.001288,0.003864,0.001288,0.003864,0.001288,0.003864,0.001288
90,11986.8,2.40754,3.38867,2.77642,1.45311,0,0.50619,0.2517,0.25259,0.12157,0.42506,0.23692,0.22651,0.1059,0.80532,1.10991,1.07165,0.50526,0,0.003567,0.001189,0.003567,0.001189,0.003567,0.001189,0.003567,0.001189
91,12120.4,2.00254,2.7678,2.10925,1.2716,0,0.51334,0.25183,0.25941,0.12733,0.4352,0.22778,0.22828,0.11182,0.79324,1.10653,1.03415,0.49907,0,0.00327,0.00109,0.00327,0.00109,0.00327,0.00109,0.00327,0.00109
92,12253.2,2.00268,2.77211,1.99607,1.25024,0,0.50319,0.25711,0.2622,0.12829,0.47945,0.22476,0.2309,0.1108,0.78905,1.10268,1.00995,0.49744,0,0.002973,0.000991,0.002973,0.000991,0.002973,0.000991,0.002973,0.000991
93,12386.1,1.99597,2.76493,2.02652,1.29714,0,0.50652,0.26763,0.27201,0.13022,0.42872,0.2525,0.23605,0.11372,0.78272,1.10237,0.98966,0.49488,0,0.002676,0.000892,0.002676,0.000892,0.002676,0.000892,0.002676,0.000892
94,12518.7,1.8731,2.60313,1.84044,1.18099,0,0.4919,0.27408,0.27411,0.13268,0.46768,0.23728,0.23749,0.11323,0.78156,1.1047,0.97088,0.49506,0,0.002379,0.000793,0.002379,0.000793,0.002379,0.000793,0.002379,0.000793
95,12651.7,1.98513,2.70922,1.88667,1.27643,0,0.50993,0.27517,0.27547,0.13374,0.50476,0.22893,0.23751,0.11376,0.77723,1.10754,0.95821,0.49346,0,0.002082,0.000694,0.002082,0.000694,0.002082,0.000694,0.002082,0.000694
96,12784.6,1.92747,2.74354,1.88437,1.23737,0,0.53025,0.27279,0.27469,0.13118,0.49525,0.24146,0.24025,0.11238,0.77965,1.10812,0.94723,0.49439,0,0.001785,0.000595,0.001785,0.000595,0.001785,0.000595,0.001785,0.000595
97,12917.3,1.83126,2.47745,1.72593,1.17777,0,0.49815,0.27759,0.27664,0.13313,0.51297,0.24096,0.24319,0.11417,0.77762,1.10621,0.93508,0.49551,0,0.001488,0.000496,0.001488,0.000496,0.001488,0.000496,0.001488,0.000496
98,13050.1,1.93679,2.71008,1.84941,1.22479,0,0.50207,0.27884,0.27918,0.13445,0.48292,0.25045,0.24997,0.11736,0.77699,1.10485,0.9261,0.49559,0,0.001191,0.000397,0.001191,0.000397,0.001191,0.000397,0.001191,0.000397
99,13183.2,1.95832,2.75931,1.8672,1.25893,0,0.50518,0.28265,0.28064,0.13611,0.46344,0.25739,0.25004,0.11736,0.77598,1.10438,0.92373,0.49528,0,0.000894,0.000298,0.000894,0.000298,0.000894,0.000298,0.000894,0.000298
100,13315.9,1.9108,2.62194,1.80232,1.24487,0,0.51637,0.27848,0.28113,0.13559,0.45663,0.2574,0.24997,0.11753,0.77636,1.10273,0.92307,0.49528,0,0.000597,0.000199,0.000597,0.000199,0.000597,0.000199,0.000597,0.000199
