case,category,defect,image
bottle_broken_small_017,bottle,broken_small,bottle/test/broken_small/017.png
cable_bent_wire_006,cable,bent_wire,cable/test/bent_wire/006.png
capsule_squeeze_012,capsule,squeeze,capsule/test/squeeze/012.png
carpet_metal_contamination_009,carpet,metal_contamination,carpet/test/metal_contamination/009.png
grid_metal_contamination_004,grid,metal_contamination,grid/test/metal_contamination/004.png
hazelnut_cut_008,hazelnut,cut,hazelnut/test/cut/008.png
leather_fold_002,leather,fold,leather/test/fold/002.png
metal_nut_bent_023,metal_nut,bent,metal_nut/test/bent/023.png
pill_scratch_013,pill,scratch,pill/test/scratch/013.png
screw_thread_top_017,screw,thread_top,screw/test/thread_top/017.png
tile_glue_strip_015,tile,glue_strip,tile/test/glue_strip/015.png
toothbrush_defective_021,toothbrush,defective,toothbrush/test/defective/021.png
transistor_bent_lead_008,transistor,bent_lead,transistor/test/bent_lead/008.png
wood_liquid_001,wood,liquid,wood/test/liquid/001.png
zipper_fabric_border_013,zipper,fabric_border,zipper/test/fabric_border/013.png
hazelnut_good_013,hazelnut,good,hazelnut/test/good/013.png
screw_good_035,screw,good,screw/test/good/035.png
